Group,sigma,sigma_se,N
Non-reasoning,0.3864914403635691,0.04927776197066289,15587
Reasoning,0.5784889116053447,0.06730325591829238,10857
Paid,0.4564736171342328,0.042394470367518394,26444
